address,tokenId,amount
0xc72046a9Be6aB21651278eDA3d76bD91F124790c,1,1
0x4d0C3Fb210896ce8a85ada6023D1F80A2c750F22,2,1
0x684cF9330E1D0D8eE859E11434a8063d4a4bA56B,3,1
0x1Fbe4dD207bA34b7Abf150ae53cfeA9801cB1F11,4,3
0xd7e9fe2c10081c11b551c4AdA4b8AeB129BFaeEf,5,4
0x40Da061eE0d7dF38Ae17c51270300E8D39cbe123,6,2
0xC66FB1A2c06DcEA033f2099e94f273C3e749957B,7,3
0xDA56FC2341A291197AcA2bc6F4942099950b150B,8,7
0xa0ff5D3F625FbdD8e27eBA8166361674d6bf4B78,9,6
0x893cB7c1aF95aeBCb96f53fa129770393Bfc5528,10,10
0xC2B604A27F33531e235F069aE51bFBD863151C8b,11,2
0xfacA0EF43f4f25669d891f83405a6CD2cb22ca99,12,2
0xf300ebfB00389D78e1F179A9d59CdaFF95CC64f7,13,2
0xBaC163FD1b8fd1C0C6Ff17A7F781ef2586745c08,14,2
0x372c54698E9526EaA28CF8aEB73225c693EB6497,15,2
0x0d9687F3AdFDD74652d698202d244153Cc340345,16,2
0x5A7f5194cBe1cae9C8553F06B02fE1d66CE4d385,17,2
0x2181aAdCEcC5D0727EdeEeeb547C8E0C82B5b256,18,2
0xe9fB5ac99e5A9bF6a5Cf37d86Ae5b69b0278CE07,19,2
0xAA5AF07E3b8818769f156871cfc23147f0d42f65,20,2
0x56748A996753942d009462ad3be33c6Ea903f189,21,2
0x6Ef4C3891F5c168367849cD6324787fce129f545,22,2
0x5C0E555bD16bECBb347f3E7bDDDaD7a3E76f9BD4,23,2
0x92026025b69e0Ed7bD4e8794C47A51d3565a1645,24,2
0xbEFa80D83ca09835B7eCc79562d9F2dCFca3C0e5,25,2
0x38792062941497a201f6598a8c59628B89A4C9a8,26,2
0xb7c0A4c4F4e53EBEF749eA431c45Ce67a1Daa5aA,27,2
0xAf35Bc663500fFF7BB3fA173fAa6D196cB498600,28,2
0xd94f53DDfC0E19aa21d6a99BB3f0d22C9554F361,29,2
0xBa5e929A2F2AAd5dD648fc911BC20517cc81D3B9,30,2
0x16e577AF2748F1600e1bD531130b017b382477E8,31,2
0x4dB1250Cde3EF0ad27Ccfd9e06fC7f7537b376D4,32,2
0x1899A12ef556a0E5fa5CC32191e9F642dC69c321,33,2
0xbc598332d009795E9265eE0bB5033F3e7CA641C9,34,2
0xd6d9834515146d969Ea63537Dd611c5fdd7a74d6,35,2
0xA176BC338387B863d9b20C2180CB59dB6f5cA80a,36,2
0xB5daF182EE5356f98A4265041d1e9a5eAbF2370F,37,2
0x356f2e17066c5e2bEBD4a6bbc94d9e1F43dA11bA,38,2
0x4aD4b5d46c5756Ea57fC456351De604726eC5e07,39,2
0x4FE279E22Ab8aBb422854B7c9Da52f3CbC9a1e9f,40,2
0xc93831d5Fb8Da620c016717aA9B93019920670fD,41,2
0x9a285218fC83633FB563D239c98356F7A4F847eb,42,2
0xfeC0373f34d7274e66A21D34020EB61C53b5B68C,43,2
0x492b5deF9d9ccE9bd46c67AD956477A3D08a3313,44,2
0x0B4bd73107955863814Ef0C6714bed6c49B99f8f,45,2
0x9F8cE80f0CA52dC7334a3C669AeF7e5c067e50d6,46,2
0x2400eC7BC462Af2281f4b6B66B9860F02b0a7137,47,2
0xaF1424008833E827ca0A2C88d285a668083Aa800,48,2
0xaBb0038D4FF7Ad91ea15d0Ea1417757007cd206B,49,2
0x63d6d67930FA056078F7f41fE595e3e78F2266e6,50,2
0xc77C1a029B37E07962b953D0dfb1a0fD99819349,51,2
0xfbe60E3d72761cA11dfe4a6D930A5F7f8af779E5,52,2
0x85E5FEa1b02Bc652c405c10Ed078D83048a24Da0,53,2
0xdEE3A662Afd65c63e9C97B18095F2De36614B8A2,54,2
0xFA973B4cfd24F3B452e5EdA5EF84E9ba6E6D4673,55,2
0x8Cf7f97f20D2C52c62e49a6BD51C7598cCf38901,56,2
0xDfE73aa25c237dCc82A6D210Df6B724D3fB18eB6,57,2
0xDdd941ED7510f4b1DCE79d4f2985D4F9f960ecf1,58,2
0xBdc29ff8137b05ab741fd1AD40a6B0BB9a73f84f,59,2
0xA771D565FB69F89bAf9e81Ce0831163864a10fa6,60,2
0xE672ee4F3f4927343E0CF5fFA88A270aDd000051,61,2
0xc93271e4Fe9F2BF50E849c65F23dbcC48B2353b8,62,2
0x815D3F85BAE554C393423b116dB4D30B893f2931,63,2
0xF95E01FCA3315809cca8a16B73AC288380F747fe,64,2
0x495E82FE67e8f149331133C72639D521e4Ced0E3,65,2
0xF4CDf297c4230bF859D55c711490fEe0F6Bc57dF,66,2
0x0f8Af7b6175ff116DFf8F53345A9361a93e54b45,67,2
0xe3EBcb54177d0FDef3BaEaeF93D055e48b78Cc4c,68,2
0x8789a9e37a97a571F0b4Ff6AdB401Eb756c6ae13,69,2
0x0cf3D5e3b8052A741F7D4C027329B480BbC6842b,70,2
0x4018DCAba2f119eB7A3BAD4045e26f3f45dd9AAc,71,2
0xb1A0D852C1ba1eD7F1a9905a15Ce18763be89a25,72,2
0xE1B3D6e2d84AE804346B29dD813E4E3CBA3CF0F7,73,2
0x66ED479236852266Ec4b6941E1dfa0B54122741a,74,2
0x7dc6d590B5827a8Dc372Df6D1C4A46b3a573b4A7,75,2
0xac261E0674De28084F1D522c5496afee006E2879,76,2
0x6b054F61b6314B1DD4008CE2DF79FD1bDd246393,77,2
0xBD366fBCdBcD172734D37Ae06ce18070c0706215,78,2
0x24baEdaEDe900B89041A09191Fa29Ad20b67Da47,79,2
0x6BD9f7DafCe4976cFE61B9cE45f278A64565B1F7,80,2
0xc6A11F9F649E4D970Df49f3E9b5dC48d48453CC1,81,2
0xC28C9c814382ACEf5f8f72284308a1d9B8320449,82,2
0x900720C54df2Da4Cc72121ACF70952d9Ac7dC28A,83,2
0xcd104CBF3be66c53cBdF58d084CEF96cD598777f,84,2
0x3E07927A4f11783264b885384B1B4423930633B0,85,2
0x25C3ECf520a22b44134667ec3Af731E94D02b248,86,2
0xCE2A6ECaF21402f60730b355bf2a53EA70f15458,87,2
0x029A0B7954eCd46F248Efafc7436347aa4011Df0,88,2
0x911f5dB4F0Ee4e49Bd8b43a2f57A4071C16e68a8,89,2
0x7A9Cb309F5d690aC971f2b0565F49b13ea877C4c,90,2
0x34269dDc40a5d3Ba4596131a4a05c893cDbE3fd4,91,2
0xb2A5B883C3bBC9Eb6C72E799FDfcD5EEE3D5eF36,92,2
0x1E31487b76E01d7AEcE1D2d7370AeA73322CA3cf,93,2
0x8910732a3a1862AE4Bd69db8F538512dCCf07811,94,2
0xe8f43b8371804B875f1BD317feD26afAEe97eD2b,95,2
0xF2E88fb290E430D979C2e5c0E383719706505b31,96,2
0x0b8a541Aa9B066b41BB8577703fFCd711270c772,97,2
0xf792Da1A1e1DEF6CeC9c5feA5E81D247E7EeC737,98,2
0x943974383c0D22AF2685F2C8F9b1655E7ac80b4d,99,2
0x9757B9A1319e27eEb03f17B21AF465674ecbCc47,100,10
0xCbCdb2753b9F15930f9a7DA9EBE42449c700E510,101,3
0xA93D63baa8f8311e892eaFEa9dC57D4266e184f4,102,3
0x5A4dC0d62Abaa6d4EEab20740Cc247d1f4c0fd2c,103,3
0x0163D584C3038aa2A6B426101914647A23D9E0f9,104,3
0xD22020A8b1E021756efE029A56B8dD95A2F4b027,105,3
0x598830518625A02089e5f1a7f0FcAeEC968E3fC8,106,3
0x8fa5d67122fc6fCd7e0a4daDC33AF3022d6459E1,107,3
0xad115bb2C32Cd5ad41CdefB3B9BeDe33de71E4f6,108,3
0x07F2cFD487421BA568f412a4FE72879E6150bA40,109,3
0x8427FCD590FcA50522234047F19d6232cCe35562,110,3
0x1F4bC3e35B12062dFb442a3438104849F40aF4df,111,3
0xdA6a4152d60d682fD089e30E3790808C88c83f40,112,3
0x3B66beA292A09b4941838201e132993e7d5D5b69,113,3
0xA39098824E0B23163605836E05cA5Dd098c92948,114,3
0x30cA603eC681A9001035BD43F5245f7633F3a405,115,3
0x77848e0d4106eA224bEF2e490D3FA2d3087a8C89,116,3
0xF928b67DB99fCABDA70E49a24563ec43c789dcBf,117,3
0x98B8Cf12137a85B78a8f6d9687501e79c1Ad1455,118,3
0xE2880Eb2fF63a26E834fcE1f8659B13BE181FD81,119,3
0xf81F625deeE6E80433aB8C9908927732d0Fa1c6e,120,3
0x275D93e96DB89d0241D8f4f588201Ec019C5C658,121,3
0xF01F49e3F3b9973F9F4Aa45cF0D452dD73602c79,122,3
0x7B8a2369f6E5F40cc2f384781DBb2912e7379C60,123,3
0x0A16B69d99086D88046B1d705A0000abEc3f9187,124,3
0x2D60107eAb19F078b579bfCE523A9D06F7D451a0,125,3
0x301512eeD3E3775896d41bBc954f77476C92c377,126,3
0xcf27B1e894774e350088ce9C491B549228a99C49,127,3
0xEe9AE795517Ba60F2b1a43C5944269E5C17E8aC1,128,1
0xabd908e4F159fDc5FC75aEF614fD94F88Ad5d1f1,129,3
0x34C0B1bD4D7f5732bDd2510E01868Cc72E438cFc,130,3
0xFFFcE2302c3d2eF776E434305a9Cc3c6765980D7,131,3
0xb7468E5118413941C4407Aa2Fc341575359E6f7d,132,1
0x29cCf75008B3c6883e1148495B47E0D31b19ab97,133,3
0xA5B018cC4E7897ff5111E0Ab439913906f62686a,134,3
0xb785ba900251bBcE14A96CE3323F656bBF031c70,135,3
0xaf7572E22e8330a2f1CA3B014883eC1a69F5039A,136,3
0x7cbdae73360f267d1784E3ee4f1EBf7dEAe8F335,137,3
0x513BC794962695040C68b20a257852a88Ed96FDb,138,3
0x60E8de932d707448394f0eA781fd721a939ce79d,139,3
0xA339b05d86C7D64d7a213fB7d2387E9010d0d34b,140,3
0x863b17dAE705DEa57C4F97d48b0f9EF0B19a4109,141,3
0x3131CB566DF82e75faca1c83884701ef7388ba09,142,3
0xD01C555D41AB8bF038A3Bd1a674B82aa2DcdDb09,143,3
0xb140dEB1Ed8C3B524516dF0A22f0da1c262D8402,144,3
0x0e8a850514a1cD84aD4c3404eE2E58C03131F9bC,145,3
0x04081FBf315c19Df21B55F75913511d9005C3C38,146,3
0xF8C7F72b438cE80602c4577A7593c15a3d7490ec,147,3
0x407C641b42ccBb7d3F87981b864c0CFD1360e800,148,3
0x5f988BB40AC65C8e0E699B3CA6681d0c40D7690c,149,3
0xE0Fb6c9B4400f4aaB0609fd637bb9473440AEd8e,150,3
0x2c1391A5E3bbFa8445B9d83191D17572eAdbbF2E,151,3
0x9373E7b52e306cA7b41FFCB6616bcF38Fb63220C,152,3
0x280b5DDB343f8c606DD7530f4117b17C53b099Ff,153,3
0x89a9df1Ae40dDc2f5aA2aEb51F2924ee0119A4D5,154,3
0xDc35149ea2c12fd4082c6Da7865c153f71Ca0a93,155,3
0xDE16070beCD931749c0ea3225cEb359caF28610F,156,3
0x5881eA604898D419F2C01E9e82702616f7d8E350,157,3
0x8BC6AD131118287E1Dc2053127BC8Ab3AAc147e5,158,3
0xA0c2276315690FC84a4C6F58d1988C4FC5A1adE3,159,3
0x07d55Ae43220F164C57116F0FF1b81472dD40A5A,160,3
0x23EeF78b17E21596ebF913863f151922eF54f95d,161,3
0x763d4A96E4f083080f3d535551D4a6591aEc0191,162,3
0x513f7f3F7A12f6f64664FdF8dA8Fa8DE55A804c0,163,3
0x6b38048c7C0be1e1eae76096945b7CAfee703144,164,3
0x8BdF71A6e71DD0CC5930f1f2374511FC625a2161,165,3
0x99b10583f8129cb8be3F3a20cacC89ffC850b3A8,166,3
0x33BAFa7db40aE76Ef4Bfd1fF6E7e96455207E6a0,167,3
0x984d00B7c955B7F572Aa211a42AFaF95B7592e67,168,3
0x163A34b6e9827f76CA279B595422d22c54ED0062,169,3
0x4939eA75B743FBC21cA8667AF6617215c82aD70F,170,3
0x8b87B6978232E313848d00BF97A64a3Da168ed6B,171,3
0x00a455E9c9053e3495E651Fc8D9775555E8f3615,172,3
0x07500d57d10BA3738c4dd46fc0FC0FA90427F1B5,173,3
0xAcCE884BA5b8b151BBeBBAc62b4D629649BfD279,174,3
0xb8bF35122aFb405422A3865DF234369cF9024998,175,3
0xF1aab815d4dfa1D77a9dFDd3B7C1A6e99f48dE64,176,3
0x2D179Bc65b5e4bA037f68b309747Cf270De79493,177,3
0xC6A0D25413A15778f8e32034Dae57893F341f993,178,3
0x8100B240564E0305282Ef97003d8B5E468106eb9,179,3
0x10FeF7aC0BcA10c9dE0e87c895250C9Cf964199b,180,3
0x97CEb529c6C0314256522A264FeceEAAEef3FDaa,181,3
0x6274275926705a1D5FeFf7c98E696672949e3c47,182,3
0x0A52d235CBB9Ebd5FC70141414182b235079335E,183,3
0xC3694b05f67cb959f18F17B4Ec8487a2A2db4E68,184,3
0xdCD1F8C1CD9a656e7087945D4D9cdE6cA418E7E8,185,3
0xC46e8d9b9c1ff12d55Aa9cfCc7422851e8edF1d9,186,3
0x704143Bc8C06cd528Dcc5390fB2808e63B914800,187,3
0xE48c007009aB4006FeBd75B9dB79Ad3A61502F9D,188,3
0x489A332EE255790AD151b62969A8E21cBDf5c375,189,3
0xbcC44e69D7a31109675c164Af57B00D1C98F5A01,190,3
0x43C3e71996Fc78234D7fa3398ae91C854b4E842A,191,3
0x449568638591d1edD48ba91DF29108d335aEeE39,192,3
0xa62371D565A7D3EB38c832Cc8b569E790809e654,193,3
0xe616ddf7bFb21F676FdF0230C200f3877a42be67,194,3
0xBE2A654F871e84c9B0e74F2496e5f7C320A3077c,195,3
0x64993bCC20CeEbAdA02a1b0b01d14dEe949C0d2F,196,3
0xe02A9D4e5c15630b10Aea046b62121bbcCa1de0D,197,3
0x725500AF75207544C93C12DcAE2D2ea388D7f364,198,3
0x7ACF50988f86471404fA4DfDcb23D662c09ab99c,199,3
0x8bde66A1A5F36009af32bE2621AF3570e7ee0CBB,200,10
0x351c7bC58A2cAF9D0431819703b044E10A84CE6d,201,4
0x805af571da870BDe8bF729845b6cF242c5635669,202,4
0x9A31F0141401F9241B94eb57A499A073524D66BA,203,4
0xcC737C6e1e01A9AB19f1F26667237FA9aC987011,204,4
0x182DF19FE427af0ec594E9679B6df4Fe590D3E33,205,4
0xc25a8f942Fa59188A2130ff637D89BC5D9343FFA,206,4
0x665F30C965EE270bf94937b3F278E672E9D0a566,207,4
0x66DFe86b41F34701B7FC04EB6c5020F4d748B189,208,4
0xdF5Df82757c984d881572552aFdc94237596b97E,209,4
0xC4fd47A08864fbF6d5bd00080A5ea9Bf96FaB809,210,4
0xceca77bC7C40111eD87E33C7F21F9e776F388595,211,4
0x3A01b19d3562e049150d4AF22B8A94aA73B55F4E,212,4
0x2e76c5F2A0d69355D44665d9d32ab4B4F1106C17,213,4
0x32e6d8375f2C189f5CE6475F633b93c408473Bdc,214,4
0x8EFd2A67aC049fb56Ae01738d467CB18b99EA354,215,4
0x3c7F13356885B35359549a6DB6d107007F03F6BD,216,4
0xEdC85aea059A2430069f57661C271DE5F1637ACc,217,4
0x67918cB32b2b60400eb6ad5fdC745E169E274b38,218,1
0x268341323e84cd923915BAaF8Bd35AdFDf3d6a83,219,4
0xeB6a21840e2315978425fd6b722106cbc7D5C465,220,4
0xeF9D73b614401240bc823198467701Bb15Bf52CC,221,4
0x8Db5F385D0cDC6040869A92391F5db9FC6E4fA2f,222,4
0x6DCF63357bC7245Baf686719350E8D4b4D827bA4,223,4
0xf6145e9e26f94b6a1f7eF142CeFa8e926Dc2503b,224,4
0x168892439932D52e3Bd1EbE7077c83bdd6746584,225,4
0x62C3103d914b579CF7Bc5374aE0E2bc9F71F78a0,226,4
0x7d7Fa435087cDe4ac6e2d49FCa95Ac10c12f4459,227,4
0xCcb4cd79e1270c0E596330D8b74899ba897E4821,228,4
0xcC6CBa8D23EEA0301509022682e2ef620B46526d,229,4
0x5D3B7AB1fDeB6442293197c7c7aC847F0D5c6499,230,4
0x0104E70fFA829dc452f546F2133d0de0Aa788246,231,4
0x307e770950e1EF2b9A303341db8636C1443afCD5,232,4
0xE6D1e37F901FC62A9B4D3E8B5434c7F4c7B74f6a,233,1
0xf77866afE40c998A8E0EedA7D4F0a265b3139cB7,234,4
0x7D88f18239758B0F46e47088B8db80b78d76FB41,235,4
0xa1978Da20B9DDF7d662ed2B7322497128F7B700B,236,4
0x9e4DE8aed2a954D716a9995F04AeF6bC3bB971C1,237,4
0x1DF42F712f27849d9b2dCd78aa6e08fc5f2D45C2,238,4
0x9435F2bB060Fc45F2Aab2045Cf2e88503054e8a5,239,4
0x90F65DF76c2d4FF81236E34BA8453CE90f85ed60,240,4
0x007F346e89022228EAF64B2856B034e5734412c1,241,4
0xbae2eD162117f1Da657d0fb7AF8F8bA5f8c72325,242,4
0x4E7386F90Cbe74C42CC0c5C473f2C0B60857352e,243,4
0xA388995280A1a10e21a9E522dc25068524324f30,244,4
0xFA00e294A011e6521F0e06AE7Fbcf6B9cC435676,245,4
0xaE398633Ca6Ede8E82A1d96bE40bf6f7D3E367c2,246,4
0x0c9A389A09e5eF5A87Bd059cc2bA7cc96489a6D7,247,4
0x36921DA33Ff4Aee9B930b1EaAD2B88F079e04816,248,4
0x144Fa30EAe29bF21B4fD58289183925929Aa5e95,249,4
0x2f38f553306D55A64e0f7cB8ba9979dB9E236020,250,4
0x6C5b7DE853AD5Bf666b1fbbd608E9fA83819A62d,251,4
0x4DD98dd74139675B36832246c1DFCe13D0559ec0,252,4
0x97F01e199C31b9f62Cd5DE83866d0ea135360A62,253,4
0x2aEf9697cF5a52F57C5FB299B61dAAB86C524e60,254,4
0xd2eB801ea65a44534eEe772707983D650Dac630D,255,4
0x527BE6e5fDF2DC457204f22c863576614c19AD74,256,4
0x037992DC4820bDE205C353c84A9c3C3d788b7da5,257,4
0x1bB41537c741dEf9d9644F9Fc084CFe6C7450783,258,4
0x5566D849E572240dF8FF1582a2cE5E54aebA9E9F,259,4
0xb76d604B8cdE073aeaCF91639Bc1D4507256A5FF,260,4
0xd124Ae6089E61CbC9e40a6859f618Fc04185e382,261,4
0x4feB0d7E7cDFBaFfDbAFf26324E090df19a2419b,262,4
0xc8FBD49C19DB27F43D71EDB8525d5F854C438509,263,4
0x9A1a64899E711591Ec31D11dD5016ac9F0BEE084,264,4
0x462079956f48e47083e3A94aCE95Df04d7Bc08a1,265,4
0xdEF032e26298AfE96C5c006DF1BDe0D28E69ebE7,266,4
0x3b49587319878C815AE7580e216E7763379774Aa,267,4
0xDABe1e9B3c5Cc98bd2E2d23B3B8fdeB54dDfd442,268,4
0xB6D45179aAE0Df58b6145a9e076D19643EB00A24,269,4
0xC13095406504058125F81552d2f0566489B329BF,270,4
0x53af27219cFAFAA8FdB82eD7617136263af5D118,271,4
0xce984f56294849a7320Ce304977Ad0CAFD6c4B57,272,4
0xAD6a808Eed5429a36D1f0E97f1f1EA86bB52E33c,273,4
0xE41Da45AFaa1cbFB96a1D8E9d1eF2B7f3D6F9709,274,4
0xDccDd669998A97cdd800d3C6e744D7B54e4Ea193,275,4
0x73587B446d94aa1e5d8B82F12e76a646F802900D,276,4
0x37658ea4450491198b31b165c9B8A5977d443a06,277,4
0x1E69F0f6257E1B7ad98575c18Bc5B9dAeDbB3786,278,4
0x1f7F0b4B763919E3E4aBCdcE8c0dE0a7A5A42Ac7,279,4
0x6DCE63b004963E26448680f0f50876366Ec34B53,280,4
0x77E744dF771607B93C42B1aa5be01407C6A68a3F,281,4
0xaC5bdf98aDe20e5f06D94692CCE7D2e3452c3509,282,4
0xc6c0cA954EC04F16a4395c46264Ac95c60d21d69,283,4
0x60f6Ef9C82fdED00c44F685822DD6BF39A55F55B,284,4
0x204F28bE0B1e0d7c1f355E5f88d6640765e07715,285,4
0x31696A4416AF144f210F5D0f1A1751524FF4ed97,286,4
0x6baEA9ccE3f256aE21f8A40Be4Cd1B8A7E461f29,287,4
0xD44a0Cd26C5DBF160aF1428fE1d3B20f03282b94,288,4
0xEdc0ADC7df9e81EB427E6e290be761EfCaaE619F,289,4
0xF100645607495485285b00fe248931cB2a66F038,290,4
0x273eBB03e1b051438886Dda49425d7a44249D268,291,4
0xfD8c024217b872e50E9b32325153DF5f8B4127FC,292,3
0x94ce641398e79B277B5a8e7CD1339b69501CB3d8,293,4
0xCD15E1B78F7347B899Ff2963fb51AcE667266416,294,4
0x0ed754C434ABeDB445e6eE4592AB10D1b8e8c21C,295,4
0xD679096caFD3AA18cA254b4347b21C2075A14A6d,296,4
0x92945C3c75F398D0Be44F84ABA6662c80cd9134a,297,4
0x6af4D341aE722E3B09c1A621714f0B986A4771da,298,3
0x64e5ED761fB68bF529735b15Ebd712fa81d1151F,299,4
0xb6AB71c7C8fDCc3118b34D516D1149aDaDB17518,300,10
0xD5bc5e380B8D6EE710A67Bc5CeCd7326CC74B9F4,301,2
0xabC1b99cA2da9Bd6724e0A5c6AE88Bd9D2Cd19A3,302,2
0x62125403BB774a4dF47f8a5E202aAd12B3400EBe,303,2
0x6A000b401cC69e6F388b57d35Cd2533211D15887,304,2
0xd5b8ba946b2ca585B1F4aB465FD18D6bCC54fFbE,305,2
0x2B23B4852d5B438d771c44326c9b13bD7fDd2bCB,306,2
0x2E3BAaC1d59D0AAd7b7ce4ef8728a0b04dBd2613,307,2
0x6AC6828E4433E121ba737Dc5ca91BFB8ecC0716e,308,2
0xD48cd4eE7aD7050DaB8e6375275ca109d54EE905,309,2
0x7C4A7cEec50922EA539fA362368A57492ED93850,310,2
0xc7D392E19639e80c38d41f08a96aeD38F85Be8d7,311,2
0xDD1E4066EF270904c7A7DECAcCeB508dfB751E6D,312,2
0x5745306d2b2Cf89310D112654815C8c91dd51B7D,313,2
0xF9f9681A1fC04Ca8431c5f107bd92712ECA5eDBb,314,2
0xf090638aa29136731c53c48CfD50301eC439A0f8,315,2
0x133608D39224eF43430406B7D599520Fd3D9989D,316,2
0x1Cf25E9a479BdddFCf4008887f248507a0b0AEdE,317,2
0xd92C44BD9A747C6B90312cB76b4876F898883DeC,318,2
0x3BA464104431578194FEA35f008dEE96C7a9D628,319,2
0xCd5616F40B2040ffE5771E71f1D1E06143397757,320,2
0xB50e6F91E43B80c18D7a62D538fAF05D837B85dB,321,2
0x9A9481DcBB877A737D8738d6F5794Fa967f9AADe,322,2
0x5ac609B1B2d736C823DcBa9AEA9217252563eC16,323,2
0xb6c516285B2F4Cf1024330c549F20211c872Ad56,324,2
0xF50acaf9c9D36de201508431bbaD6098A11B85b5,325,2
0xaC224369fC443aEe752eD22eDBB8Ee8E4Ac8687f,326,2
0x42b0783677B79E43E27EEAdD3836a33bA0ccb100,327,2
0x85054A17ac5db4Ec414144513447a5A7F43E748D,328,2
0x6dEABEe44E8ff4C089bd6a417CbaD33376051F71,329,2
0xDE24B998C4CC5292351C458508521ae4cBfde78a,330,2
0xD1Af5f4ACfE57852b9EAc03d0A0220EE58b47348,331,2
0x7138Fc1d83517b81dB8947bc53140e080165B033,332,2
0xd831DB51b57C4fFf5cEE4A3D01c5f56F5bBCC31E,333,2
0x6b999BaeF89cbc84A28e04C65B3c95D0d28fa905,334,2
0x06eec9f25a859D22D93437205634F925D2C91e9F,335,2
0x24ef4B3d32d700Ca2DcbB79038EB88a4B24f3d2e,336,2
0xcAA51bbBccE2FE16206CC29cCD3a5F0D8b32fc03,337,2
0x80e6E7A430aeEB0531D43640AFAf8489784a52Aa,338,2
0xEC9C5Dd51f07e673594a7A1Ad91b900E30a85eCc,339,2
0x11fE9896D213cac2635E7aB0F400BE9EBfaa5BD9,340,2
0xE0C79330F3869C46107cA72c8A870Bc11b3E9A6b,341,2
0x41b5787E89B09EfB80db3249326b164Ce8c867BC,342,2
0x53F604fBeaDCD0eb25D0F4120896401931De52AD,343,2
0x018d21C7f1503ADADB6b09bc4df14847498CdE42,344,2
0xd493A985BD0BC07Bc25335e3D085224c4523f0d1,345,2
0x73221FE318c4a6ceDb38817548eB23Fb7372493f,346,2
0xFfFDc96ee43cDE1B79E49050cAB33ed6DD12Da80,347,2
0xc0B289AC624466271100F2F753d47eb8660FBcb7,348,2
0xdFcBdE5C68090CD89d65BAf12F521b9ca8049A77,349,2
0x9d37ca4659a5f8EbD360A0bB5a4d43F0ed9530D9,350,2
0xd37DA791Df8D508F332bf531228b5d8a943F9146,351,2
0x17934e04f4503C8BF075DD0933479BE358cFAEC7,352,2
0xB04E1F41B0aEBa31b26FABFfACA61e7ad63ca748,353,2
0x7802103E1798Ae3458c37d1D9354BEFcbfCA6200,354,2
0xDAb43eD933a850cF74290F0eb3192b995171Bf91,355,2
0x49518E0D52bdE3d7D727DECf2387B0cbb0f22703,356,2
0xbD8693c503763E3490ec45AE63C23269a5f4F50E,357,2
0x789BfC89Fc2Bb49f9F8F3906Dbc9a426c6553698,358,2
0x81Ba35648C64dd8921804dF5d11d43C001b551dA,359,2
0xa9Bcf46ff30F721160c2379eA56Ea2F12FcEB4ae,360,2
0x0100De1355E6580d46CC21649E508A69634371D2,361,2
0x5e0Da1f00d42d16864a1a9924Abf50a6f83B4863,362,2
0xA08dc8c537DE66a3D9c6480f91028545eE8689FE,363,2
0xC2242662B337F3A9D47e9Fb6406C8B2c1BC34d87,364,2
0xEBdb629f39a9568c0227EC5a2Ed693a1d180FB0b,365,2
0x412715a6301A8af9565B0d1C15BB681b27D5311F,366,2
0x437dB067D2F6b0EddA8E03ce19206aF5E72D55b0,367,2
0x457747B03942aCb3fD2AbD0705fEa79869f54FEb,368,2
0x62601d216EFc6c49936d153208AE5129bA57459e,369,2
0x8811D4Ec3E5CD37b185855e4958Ec6a1F9BEdb50,370,2
0x8DA4F8AbF593be238a81bcfecEc6e6051D40c2C0,371,2
0xa4dA8C97c5EAa962DeC1Bb031a127E5e5DF323b5,372,2
0xa311ce07911D6dCF4eB68a9994fC2734628d366e,373,2
0x04284178897AcB6C540AF18488f0617353efed61,374,2
0x498b7C280f512c805b1D2959F4E675cE794F6d85,375,2
0x01cA604A5364b134a1FE0c461AE1546EaC1E33B8,376,2
0x2A17c29330a4B61dEC25D0030EbbFCC0C81f0Ccc,377,2
0x6F1545B6fA02b73675919eEAc26755dFEFf95e42,378,2
0xfD0b58AA21A9da8d6Ee48A7473967d92487C428d,379,2
0x051aA11FF70c3E4cdf74E357B163D6e2a0476f09,380,2
0x4BA0c39dc8c84f1E6F8f535F1E1e707545900F77,381,2
0x6c94045718AE71a03D89c7D606A94aB9Ba1870cE,382,2
0xBA34C9daC4Cb6F30a3429269a05B13cC1a3C22cf,383,2
0x247cC8C04d502Aa2578c8a8Ee6426FF1D5925428,384,2
0x9d457fd1f18c1Cd1D9609001237856EE4f9A3712,385,2
0xB9821DA46C2123e3e630310A4A3239Afaa5aeC69,386,2
0x4BEAf2568DEf910355Cdc78f21C1b9e8ceAB8792,387,2
0x1e3E7825D42F180c4127a1BE2D135A9Cbb69Ec21,388,2
0x00F9dB12E2296bE321498D43b00e349A15A843d3,389,2
0xB8CB88eAf7595fc28b9184A3b7C92d7A6DE887A3,390,2
0xDd50A310338DbCD67128f7c9C7130c8A224eC15d,391,2
0x6A28D781330F1603CE12887Be2884A1D0B898FfB,392,2
0xcE6405994c1d67849FDaf8287B0cdafd437897A6,393,2
0xaebEecf14B46b37C4fAcBbe9Fd449858aFb5552b,394,2
0xF41f81467d129c4d1891C9dd9D86Ba39C1805cFE,395,2
0xB3B1AeD9408523Ffdb14e7f0EBEF5ed40D41D60e,396,2
0x90c20C1C8EE22d422A9Bc080B14Ea7eC5dbe98BA,397,2
0x1728d690D2a234352BFFBA95c20E82Fcf8504Cc2,398,2
0x2A3642E3ebD4A509e8e61ff6e87f4E88C3E92442,399,2
0x662f1acDA2D578986C16838E55Ea8459a5971385,400,10
0xd3C89C51b9e0445d14a8aAB551380C785D59B477,401,3
0x8E4Bd48152E0C59FaF78F08DeD9252c17d7EfeDc,402,3
0x4e755bc98AE6206032fE39289cAD13dd0b8582B0,403,3
0xAc574cCb46683852d3A6E4cd57919A80C49ab528,404,3
0x4DB3E8996e6b027e43E6090cEb89ED414B64F3D5,405,3
0x0d9e36D39F0D6C8026D0c21815113114db1f25B2,406,3
0xB70f21434084bbF8eB06B289676B78a08a59c01e,407,3
0x0F8dd725D86b2f42557E7C5BeA45DC9B26a22921,408,3
0x18f8f3Fb3A6eCA3Eb8cA7C5C12223123F9C3F544,409,3
0xDe01b7628F6DFEfd05C8717b2195AB7E78F498fA,410,3
0x5C44A2fE07A62707a7E92Fe71C644FcE262CCd65,411,3
0x614C0C787973b020939bD6bF4953D6C1FC8495E5,412,3
0xFb3949dcbEF0E5E9461F3cA808f19B6066aB9f1c,413,3
0x2417590078AE9D94e690E0a82564490E330De12c,414,3
0xf152ac3c657C1c980882E1753f5bfFF9D64ce353,415,3
0x37F5d8946847632d57399E6EFA2A7fcfb2D0A26b,416,3
0x974f5a97959b96A0aC7Bc94231DC39D6c43AF3C6,417,3
0x2EdF1E9bADAF2032A32A70bfD8fe5bBC9aE8d7c7,418,3
0x9A4ab1C39b9d8423F07513083C51259d2E34b0ED,419,3
0x72d473af19f318AD97027a79568a23D177F81070,420,3
0x14FB544F79c17b54fC54cdDD1dd2dB6aD2865c54,421,3
0x1fcDA366f9Cc46Bdb397be1d9b3638D1a5A24715,422,3
0x2E3C51a7BE28a4f43fa3C9D77af4384d3A0716ec,423,3
0xB54d8370D90fD004ABf7e10F0663a4d5BC7a6a53,424,3
0xC0605c22514aABA254C7bB891B6A66F5BB9a3B66,425,3
0x2FB06C260EC5b54EfBEc2b573D64EBC66AB6cBce,426,3
0x0f0C1507091d18E8769a9182E6049e24ea1C283F,427,3
0x634143f33521E5aBA8E1DFA405640BBDf9BA11c7,428,3
0x6c32077B17DE6DacbE5cf9EA143a81d7D175D7bE,429,3
0x5C636fA845afc23eD4b3D32C4d3EBdac78375f54,430,3
0xD78DA46bd08e33c0418F1e29410B55846F979e9f,431,3
0x08382e0D43A290cA5F56f68e1A14A6484AA3A21E,432,3
0xC893128A1CcE55fAa6B6B1E40430Fa7689A62752,433,3
0x121015F102799469b9AC2836a4383dd30973ef91,434,3
0x58D85Bef119e3c64270c89177b282803243aC15d,435,3
0x0f538287A8676Ed3259698FC657dD7d31173657D,436,3
0x3384117CFcdfbA02fE0394Cc3AE78eCbB217965E,437,3
0xa4f4A5DB91dd9611543E4bE0e6011b8556f0214d,438,3
0x7D4CD5C43A3b29C7aa9192B65875EB8337E90363,439,3
0x9a369a872A77e9A540B4b5B5B20e605Ae4D24Ea6,440,3
0x36152cA5259525C64AC5391C8386895a5da7aa09,441,3
0xB8B16e38A7AaC3BBDA9A5069b1EB2E038f99CcB8,442,3
0xD60222c56F0DbbB79434543bE08bd5eaf0858335,443,3
0x9038a3325F24A917C8CFEc66710Dd68D2446Fb01,444,3
0xAE1d836c1C717904047Bd617821c47F8097242aE,445,3
0xAd68E0585E528885B0b873BdA86B596856649FBe,446,3
0x576577f8E6EaF251902dA7cdFdE5926b50313643,447,3
0xD295b2df8711Ec0bdB3112bD6c6f7f786F36Fab1,448,3
0x5D82168B4990350E96cF5069DFc2F99C9D998F3f,449,3
0xDfbd338462dC80dcA1669B59748862514c664ECd,450,3
0x9Ee883d9fdB89b604433497f58920BbB6FAC85E3,451,3
0x621aD5f60A8B14e2caC13B7EB96D98d56c77f030,452,3
0xc7e9b480d90e95337eE7443EeE390286cAac5a3D,453,3
0xe04A5e225D05BaaA522dF710250C14bF952c1b1C,454,3
0x93D1a256738176037e1225c844C7815eB5d9a029,455,3
0x90d5B36d001aD9af9fC626DBAdE3E21a8e9cC58d,456,3
0x8740cD23a98137a8a071ACf98E239D517f8ff0a1,457,3
0xB6B855e873C01373caC0b78AA887bFE1f22dAA2a,458,3
0x802bdEEcA390913a2118014245926Af6bdC58B50,459,3
0x215796Fa6214163040782178b54eCFC0e74cC9E3,460,3
0x8dbfCF998dEBEd92dCCbC209A578848Fa2b2b22f,461,3
0x251a6abb26CDE75c8cDA0F9c9B079AB6cEE53Fc8,462,3
0xd5aef44CBDB204c7ede0f739FB5ab0079389d874,463,3
0xF57da1E360050965D59EE88316b970a1d0F660E7,464,3
0xeB4D75993E1895D4F93dA334d6E7f9F585dDA483,465,3
0xe110b95312b24306a175541057D397543c5f4542,466,3
0xC4ab0E589a69382bBC1b492760Ed562912080ED9,467,3
0x3df6c91350406715A320275CCF15e533054A34bD,468,3
0x655917278AeC3FA0e7E3CbbfC5b8B1d8Aa2b4332,469,3
0x5ba6098132CdE99c809382c442ececA1D6Ef27c1,470,3
0xCb5AE0054E76c252ea4DF7d835F1C75652387779,471,3
0xf6484F3CFB98756e6eEa6b2993c27475361C9C59,472,3
0x30D3BC6945fAA0C1F9D06Ea671F1dCB5c9DEFaF4,473,3
0x71ce90b587AC551671C07D42ea91706518924E27,474,3
0x6C50338A41300E34B71beB1A671091d8d33f2Eed,475,3
0x3d97B92738B937EAb6a4a42B0f1aeE3565135E96,476,3
0x17633ABF363Cd581b4C598C243Fae0F01Cab7fE5,477,3
0x99009bF52e2a57A78291C92c205bbA0CACbFd589,478,3
0x6E6CED26a5d7495494D808480Ac576A5f525278e,479,3
0xd1aabE58368D247C833Df71d8BF35113230a7535,480,3
0x8Aee6538Ba3a0868a523F721Bb5fBb6CE73b9799,481,3
0xf81F6B39E63ea44FC726392bdEDeAF1885295664,482,3
0x2fEBb0831Fd73dB0e2c987dE378dFC2b071f1193,483,3
0x03c6C07047Afd5e462333D1BC0e6d7E4b2bD958e,484,3
0x1aE25d4cC307770e702E4169075533BaddA0085B,485,3
0x4745F1C77eB63ebB2b8146054e09c6a30431Fd69,486,3
0xf4F233227258002Dc0aaa934De948E5c0d782C76,487,3
0x762a65793e18530d59590959cA40d065f373E5Db,488,3
0xdD17F1453b89785963c66Ab81B94093caBc91f82,489,3
0xbeFDbB366C4497921aB4F0C93b3591b6cEd885fc,490,3
0xF94DE47EE2ca4Fe8854D0e07CDF59f0fF0715aE4,491,3
0x54761e6BAAb67070928440a4dD5530392405Dd4b,492,3
0x58A1dE89E890949b2518F110c0599724fA238a4f,493,3
0x9411ab27477037436f9D0942ae2c4926627b771D,494,3
0x3Bbb850FC97f31fc5D8a70F494eF3DD6737F0b3e,495,3
0x7D2A05832F0f8E893E15c666838247cBEe7AC8eC,496,3
0x1F8cf46012cC34342a689897EBa5F48E2aB025f1,497,3
0xB972F0F6732439BEF9998995dB453eDcb5aBEF04,498,3
0x0Db0B3914BeA51D2F243cfC9f50b2C40ec4E9818,499,3
0x4EAA66F02Ed3da312fBC8434a6f1A4dBa70804d7,500,10
